<annotation>
	<folder>train</folder>
	<filename>1_c_l (5).jpg</filename>
	<path>C:\tensorflow1\models\research\object_detection\images\train\1_c_l (5).jpg</path>
	<source>
		<database>Unknown</database>
	</source>
	<size>
		<width>136</width>
		<height>136</height>
		<depth>3</depth>
	</size>
	<segmented>0</segmented>
	<object>
		<name>up arrow</name>
		<pose>Unspecified</pose>
		<truncated>1</truncated>
		<difficult>0</difficult>
		<bndbox>
			<xmin>32</xmin>
			<ymin>13</ymin>
			<xmax>136</xmax>
			<ymax>120</ymax>
		</bndbox>
	</object>
</annotation>
