<annotation>
	<folder>train</folder>
	<filename>10 (13)_blur.jpg</filename>
	<path>C:\tensorflow1\models\research\object_detection\images\train\10 (13)_blur.jpg</path>
	<source>
		<database>Unknown</database>
	</source>
	<size>
		<width>190</width>
		<height>190</height>
		<depth>3</depth>
	</size>
	<segmented>0</segmented>
	<object>
		<name>zero</name>
		<pose>Unspecified</pose>
		<truncated>0</truncated>
		<difficult>0</difficult>
		<bndbox>
			<xmin>61</xmin>
			<ymin>52</ymin>
			<xmax>134</xmax>
			<ymax>154</ymax>
		</bndbox>
	</object>
</annotation>
