<annotation>
	<folder>train</folder>
	<filename>1_c (14).jpg</filename>
	<path>C:\tensorflow1\models\research\object_detection\images\train\1_c (14).jpg</path>
	<source>
		<database>Unknown</database>
	</source>
	<size>
		<width>130</width>
		<height>130</height>
		<depth>3</depth>
	</size>
	<segmented>0</segmented>
	<object>
		<name>up arrow</name>
		<pose>Unspecified</pose>
		<truncated>0</truncated>
		<difficult>0</difficult>
		<bndbox>
			<xmin>12</xmin>
			<ymin>12</ymin>
			<xmax>112</xmax>
			<ymax>112</ymax>
		</bndbox>
	</object>
</annotation>
