<annotation>
	<folder>train</folder>
	<filename>1_c_b (15).jpg</filename>
	<path>C:\tensorflow1\models\research\object_detection\images\train\1_c_b (15).jpg</path>
	<source>
		<database>Unknown</database>
	</source>
	<size>
		<width>131</width>
		<height>131</height>
		<depth>3</depth>
	</size>
	<segmented>0</segmented>
	<object>
		<name>up arrow</name>
		<pose>Unspecified</pose>
		<truncated>0</truncated>
		<difficult>0</difficult>
		<bndbox>
			<xmin>15</xmin>
			<ymin>12</ymin>
			<xmax>114</xmax>
			<ymax>117</ymax>
		</bndbox>
	</object>
</annotation>
